{
  "mfu": {
    "mean": 0.11595981173397507,
    "std": 0.048945633884772806,
    "min": 0.06562135822845412,
    "max": 0.16338224388251166
  },
  "throughput": {
    "mean": 4403.306582621663,
    "std": 1858.597635272497,
    "min": 2491.819832467584,
    "max": 6204.064142685893
  },
  "step_time": {
    "mean": 1.3198320628919948,
    "std": 1.7034500112467665,
    "min": 0.33118073688820004,
    "max": 3.2867976538836956
  },
  "peak_memory": {
    "gib": 5.309244791666667,
    "pct": 3.797677066183866
  }
}