{
  "mfu": {
    "mean": 0.2003784108584367,
    "std": 0.07250552097342235,
    "min": 0.12404978277672926,
    "max": 0.2683337633672706
  },
  "throughput": {
    "mean": 7608.9083136180125,
    "std": 2753.230045863748,
    "min": 4710.50458693975,
    "max": 10189.356199416477
  },
  "step_time": {
    "mean": 0.8032422767331203,
    "std": 0.8099221085635377,
    "min": 0.3268840510863811,
    "max": 1.7384048560634255
  },
  "peak_memory": {
    "gib": 5.30078125,
    "pct": 3.7916231358515065
  }
}