{
  "mfu": {
    "mean": 0.305104335838215,
    "std": 0.10080040202477661,
    "min": 0.19801429432553808,
    "max": 0.39814003023994016
  },
  "throughput": {
    "mean": 11585.633938979568,
    "std": 3827.6629388193787,
    "min": 7519.136437174485,
    "max": 15118.450002166279
  },
  "step_time": {
    "mean": 0.5408032306780418,
    "std": 0.47431315319012407,
    "min": 0.26119903614744544,
    "max": 1.0884522208943963
  },
  "peak_memory": {
    "gib": 5.287760416666667,
    "pct": 3.782309396878646
  }
}