{
  "mfu": {
    "mean": 0.4431725723577198,
    "std": 0.11081204012190618,
    "min": 0.3240382637640017,
    "max": 0.5431695500885428
  },
  "throughput": {
    "mean": 16828.456996609413,
    "std": 4207.831820406138,
    "min": 12304.606212423452,
    "max": 20625.61174962456
  },
  "step_time": {
    "mean": 0.39629077810483676,
    "std": 0.2328859322457816,
    "min": 0.25704595097340643,
    "max": 0.6651467632036656
  },
  "peak_memory": {
    "gib": 5.27734375,
    "pct": 3.774858405700358
  }
}