{
  "mfu": {
    "mean": 0.6071658803503746,
    "std": 0.09993897833330134,
    "min": 0.4971991399781551,
    "max": 0.6924524912746585
  },
  "throughput": {
    "mean": 23055.7248904774,
    "std": 3794.9523595731744,
    "min": 18879.991379791034,
    "max": 26294.287368949943
  },
  "step_time": {
    "mean": 0.31079558352939785,
    "std": 0.10610279188510287,
    "min": 0.24815533380024135,
    "max": 0.43330206582322717
  },
  "peak_memory": {
    "gib": 5.27734375,
    "pct": 3.774858405700358
  }
}