{
  "mfu": {
    "mean": 0.00648794379377643,
    "std": 0.0018298000255063903,
    "min": 0.005145062516041687,
    "max": 0.008572066470037679
  },
  "throughput": {
    "mean": 246.36471194308493,
    "std": 69.48243858551304,
    "min": 195.37189053790578,
    "max": 325.5044670198298
  },
  "step_time": {
    "mean": 25.16638567772073,
    "std": 21.87636187160634,
    "min": 0.4195764909964055,
    "max": 41.92975439899601
  },
  "peak_memory": {
    "gib": 5.28515625,
    "pct": 3.780446649084074
  }
}