{
  "mfu": {
    "mean": 0.19347404642849378,
    "std": 0.07309648519253392,
    "min": 0.11712614381572688,
    "max": 0.26281439747042457
  },
  "throughput": {
    "mean": 7346.730987796443,
    "std": 2775.6705500108014,
    "min": 4447.595355225766,
    "max": 9979.771000699231
  },
  "step_time": {
    "mean": 0.8201430006107936,
    "std": 0.8844088729624937,
    "min": 0.30950264004059136,
    "max": 1.841370401903987
  },
  "peak_memory": {
    "gib": 5.275390625,
    "pct": 3.7734613448544287
  }
}