{
  "mfu": {
    "mean": 0.22607053985783088,
    "std": 0.08489070062208678,
    "min": 0.13728850431726913,
    "max": 0.3064441044538242
  },
  "throughput": {
    "mean": 8584.507696308727,
    "std": 3223.5286972536546,
    "min": 5213.2145244022895,
    "max": 11636.508564214697
  },
  "step_time": {
    "mean": 0.7032867644447833,
    "std": 0.7513037702552069,
    "min": 0.26807141210883856,
    "max": 1.5708160151261836
  },
  "peak_memory": {
    "gib": 5.287760416666667,
    "pct": 3.782309396878646
  }
}