{
  "mfu": {
    "mean": 0.01138248984852753,
    "std": 0.002923924090477404,
    "min": 0.009475853205469896,
    "max": 0.01474887356916731
  },
  "throughput": {
    "mean": 432.2238172620343,
    "std": 111.02927817976945,
    "min": 359.8236852205681,
    "max": 560.0544801017575
  },
  "step_time": {
    "mean": 14.626546583293626,
    "std": 12.364805645474467,
    "min": 0.3980829648207873,
    "max": 22.766222659032792
  },
  "peak_memory": {
    "gib": 5.28515625,
    "pct": 3.780446649084074
  }
}