{
  "mfu": {
    "mean": 0.2835422164625392,
    "std": 0.0928504579372399,
    "min": 0.18514301289600418,
    "max": 0.3696119293421793
  },
  "throughput": {
    "mean": 10766.862152767972,
    "std": 3525.782135386958,
    "min": 7030.379191039383,
    "max": 14035.161123076105
  },
  "step_time": {
    "mean": 0.5829979526655128,
    "std": 0.5035562074066464,
    "min": 0.29207501001656055,
    "max": 1.1644545330200344
  },
  "peak_memory": {
    "gib": 5.278645833333333,
    "pct": 3.775789779597644
  }
}