{
  "mfu": {
    "mean": 0.24303712053943563,
    "std": 0.0855473276669431,
    "min": 0.1530089050133305,
    "max": 0.32325826705675154
  },
  "throughput": {
    "mean": 9228.774492561233,
    "std": 3248.4625958665306,
    "min": 5810.160507940274,
    "max": 12274.987635227611
  },
  "step_time": {
    "mean": 0.6667600646615028,
    "std": 0.6430095815878866,
    "min": 0.29508887394331396,
    "max": 1.4092434090562165
  },
  "peak_memory": {
    "gib": 5.278645833333333,
    "pct": 3.775789779597644
  }
}