{
  "mfu": {
    "mean": 0.4098709938742706,
    "std": 0.08561291501739526,
    "min": 0.31806966526910757,
    "max": 0.48753576161958917
  },
  "throughput": {
    "mean": 15563.906308270374,
    "std": 3250.9531243320766,
    "min": 12077.96244120135,
    "max": 18513.046859095764
  },
  "step_time": {
    "mean": 0.44190983233662945,
    "std": 0.20487759756728594,
    "min": 0.3093475520145148,
    "max": 0.6778826380614191
  },
  "peak_memory": {
    "gib": 5.515625,
    "pct": 3.9452998289037047
  }
}