{
  "mfu": {
    "mean": 0.8805471045964758,
    "std": 0.005452489881698328,
    "min": 0.8746104168108852,
    "max": 0.8853310611991676
  },
  "throughput": {
    "mean": 33436.74678321414,
    "std": 207.04573618004503,
    "min": 33211.314747628996,
    "max": 33618.40650898134
  },
  "step_time": {
    "mean": 0.2427748036570847,
    "std": 0.0030491242878543886,
    "min": 0.24019355908967555,
    "max": 0.24613908003084362
  },
  "peak_memory": {
    "gib": 5.27734375,
    "pct": 3.774858405700358
  }
}