{
  "mfu": {
    "mean": 0.36145125733382083,
    "std": 0.09937404511001056,
    "min": 0.2547759240935834,
    "max": 0.45140150102916926
  },
  "throughput": {
    "mean": 13725.2784125431,
    "std": 3773.5003224953202,
    "min": 9674.528501550683,
    "max": 17140.931596603103
  },
  "step_time": {
    "mean": 0.47715425336112577,
    "std": 0.31946183099690095,
    "min": 0.2921733020339161,
    "max": 0.8460364749189466
  },
  "peak_memory": {
    "gib": 5.275390625,
    "pct": 3.7734613448544287
  }
}