{
  "mfu": {
    "mean": 0.3431145593929026,
    "std": 0.09715655599350176,
    "min": 0.23932313614942016,
    "max": 0.4318871163018652
  },
  "throughput": {
    "mean": 13028.984571259347,
    "std": 3689.2962842375196,
    "min": 9087.744495463385,
    "max": 16399.917813977467
  },
  "step_time": {
    "mean": 0.49863694903130334,
    "std": 0.348021312729779,
    "min": 0.29270094516687095,
    "max": 0.9004554250277579
  },
  "peak_memory": {
    "gib": 5.275390625,
    "pct": 3.7734613448544287
  }
}