{
  "mfu": {
    "mean": 0.32351707252723155,
    "std": 0.10330250711392278,
    "min": 0.21383385275383937,
    "max": 0.4189616558411088
  },
  "throughput": {
    "mean": 12284.815176465758,
    "std": 3922.674612645859,
    "min": 8119.847707052288,
    "max": 15909.103244005297
  },
  "step_time": {
    "mean": 0.5142842070199549,
    "std": 0.42772045331109154,
    "min": 0.2667802469804883,
    "max": 1.00817282195203
  },
  "peak_memory": {
    "gib": 5.287760416666667,
    "pct": 3.782309396878646
  }
}