{
  "mfu": {
    "mean": 0.8793440491864892,
    "std": 0.0020586988759894887,
    "min": 0.8771895951504587,
    "max": 0.8812913261553545
  },
  "throughput": {
    "mean": 33391.06352686146,
    "std": 78.17434485903354,
    "min": 33309.253100499496,
    "max": 33465.006881606314
  },
  "step_time": {
    "mean": 0.24467804034550986,
    "std": 0.0013899550984468117,
    "min": 0.24307433306239545,
    "max": 0.2455352779943496
  },
  "peak_memory": {
    "gib": 5.27734375,
    "pct": 3.774858405700358
  }
}