{
  "mfu": {
    "mean": 0.7285393886543946,
    "std": 0.006966134076077719,
    "min": 0.721347285219998,
    "max": 0.7352550974212695
  },
  "throughput": {
    "mean": 27664.604122681165,
    "std": 264.522885764836,
    "min": 27391.500571355755,
    "max": 27919.617684517485
  },
  "step_time": {
    "mean": 0.29498525033704937,
    "std": 0.007722096773077053,
    "min": 0.2885159649886191,
    "max": 0.3035342169459909
  },
  "peak_memory": {
    "gib": 5.50390625,
    "pct": 3.9369174638281303
  }
}