{
  "mfu": {
    "mean": 1.1614468856326654,
    "std": 0.010807765144075195,
    "min": 1.14898429797307,
    "max": 1.1682445000692394
  },
  "throughput": {
    "mean": 4873.982378626727,
    "std": 45.354512131533305,
    "min": 4821.683445807366,
    "max": 4902.508395089815
  },
  "step_time": {
    "mean": 53.434079280355945,
    "std": 0.8690134291600399,
    "min": 52.62907501985319,
    "max": 54.35538816219196
  },
  "peak_memory": {
    "gib": 74.626953125,
    "pct": 53.38029786210399
  }
}