{
  "mfu": {
    "mean": 0.8378124805328636,
    "std": 0.0050268823913286066,
    "min": 0.8322620111782861,
    "max": 0.8420586890488633
  },
  "throughput": {
    "mean": 3406.7253715201314,
    "std": 20.440382758794698,
    "min": 3384.1559717875593,
    "max": 3423.991366740232
  },
  "step_time": {
    "mean": 38.27932693599723,
    "std": 0.3927502647993893,
    "min": 38.01076716091484,
    "max": 38.730086690047756
  },
  "peak_memory": {
    "gib": 74.607421875,
    "pct": 53.3663272536447
  }
}