{
  "config": {
    "type": "rl",
    "num_gpus": 8,
    "model_name": "Qwen/Qwen3-30B-A3B-Instruct-2507",
    "lora_rank": 16,
    "seq_len": 16384,
    "ac": "Recompute",
    "attention": "flash_attention_2",
    "output": "benchmarks/fa4_comparison_results/benchmark-8xb200-Qwen--Qwen3-30B-A3B-Instruct-2507-rl-16-8gpu-Recompute-flash_attention_2-16384-cp1-ep1/benchmark_result.json",
    "dry_run": false,
    "timeout": 1500,
    "micro_batches": 2,
    "ep": 1,
    "cp": 1,
    "docker_image": null,
    "device_name": "NVIDIA B200",
    "commit_sha": "bd087277",
    "timestamp": "2026-02-06T20:34:34.603713+00:00",
    "success": true,
    "error_reason": null,
    "time_taken": 107.42502358699949
  },
  "metrics": {
    "mfu": {
      "mean": 7.336588744578702,
      "std": 0.0017483896720874093,
      "min": 7.33491126506731,
      "max": 7.338400322096878
    },
    "throughput": {
      "mean": 36123.995755824246,
      "std": 8.608744921224927,
      "min": 36115.736159319706,
      "max": 36132.915625924135
    },
    "step_time": {
      "mean": 7.256334914666695,
      "std": 0.004395670274658206,
      "min": 7.25336341000002,
      "max": 7.261384307999833
    },
    "peak_memory": {
      "gib": 32.900390625,
      "pct": 18.44696941178725
    }
  }
}