{
  "config": {
    "type": "rl",
    "num_gpus": 8,
    "model_name": "Qwen/Qwen3-30B-A3B-Instruct-2507",
    "lora_rank": 16,
    "seq_len": 65536,
    "ac": "Recompute",
    "attention": "flash_attention_3",
    "output": "/home/ubuntu/prime-rl/benchmarks/scripts/../gpu_scaling_results/benchmark-8xh100-Qwen--Qwen3-30B-A3B-Instruct-2507-rl-16-8gpu-Recompute-flash_attention_3-65536-cp1-ep1.json",
    "dry_run": false,
    "timeout": 1500,
    "micro_batches": 2,
    "ep": 1,
    "cp": 1,
    "docker_image": null,
    "device_name": "NVIDIA H100 80GB HBM3",
    "commit_sha": "8dbd955a",
    "timestamp": "2026-02-07T07:08:31.915754+00:00",
    "success": true,
    "error_reason": null,
    "time_taken": 268.24291092600106
  },
  "metrics": {
    "mfu": {
      "mean": 27.553059201733358,
      "std": 0.015569823778526183,
      "min": 27.54084689352735,
      "max": 27.570591818924537
    },
    "throughput": {
      "mean": 23059.22442358153,
      "std": 13.030424611509362,
      "min": 23049.0039121824,
      "max": 23073.897514928092
    },
    "step_time": {
      "mean": 45.49259811566723,
      "std": 0.04256079065368316,
      "min": 45.44349406500078,
      "max": 45.518886533000114
    },
    "peak_memory": {
      "gib": 64.357421875,
      "pct": 81.25034193612518
    }
  }
}