{
  "config": {
    "type": "rl",
    "num_gpus": 8,
    "model_name": "Qwen/Qwen3-4B-Instruct-2507",
    "lora_rank": null,
    "seq_len": 65536,
    "ac": "Recompute",
    "attention": "flash_attention_2",
    "output": "/tmp/benchmark_result.json",
    "dry_run": false,
    "timeout": 1500,
    "micro_batches": 2,
    "ep": 1,
    "cp": 1,
    "docker_image": "primeintellect/prime-rl@sha256:d3e9636af265f5ba2e56cd2555534489f5ff64e04a3f645059ca7989508de419",
    "device_name": "NVIDIA B200",
    "commit_sha": "unknown",
    "timestamp": "2026-01-20T02:28:22.106787+00:00",
    "success": true,
    "error_reason": null,
    "time_taken": 224.37193894000006
  },
  "metrics": {
    "mfu": {
      "mean": 12.792435320070432,
      "std": 0.06024190963698056,
      "min": 12.724537622622382,
      "max": 12.839480530413239
    },
    "throughput": {
      "mean": 23834.07136628292,
      "std": 112.23898637003748,
      "min": 23707.568591315267,
      "max": 23921.72308174581
    },
    "step_time": {
      "mean": 39.14657710833334,
      "std": 0.2832372634336104,
      "min": 38.97297109099998,
      "max": 39.473419823000086
    },
    "peak_memory": {
      "gib": 36.046223958333336,
      "pct": 20.209677180182986
    }
  }
}