{
  "config": {
    "type": "rl",
    "num_gpus": 1,
    "model_name": "Qwen/Qwen3-0.6B",
    "lora_rank": null,
    "seq_len": 16384,
    "ac": "Recompute",
    "attention": "flash_attention_3",
    "output": "/tmp/benchmark_result.json",
    "dry_run": false,
    "timeout": 1500,
    "micro_batches": 2,
    "ep": 1,
    "cp": 1,
    "docker_image": "primeintellect/prime-rl@sha256:d3e9636af265f5ba2e56cd2555534489f5ff64e04a3f645059ca7989508de419",
    "device_name": "NVIDIA H100 80GB HBM3",
    "commit_sha": "unknown",
    "timestamp": "2026-01-20T02:26:47.837416+00:00",
    "success": true,
    "error_reason": null,
    "time_taken": 26.97592251900005
  },
  "metrics": {
    "mfu": {
      "mean": 11.483468767880558,
      "std": 0.15573638075683569,
      "min": 11.308044739615838,
      "max": 11.605439036810441
    },
    "throughput": {
      "mean": 12327.241821803409,
      "std": 167.17945290291325,
      "min": 12138.928128311893,
      "max": 12458.174123755112
    },
    "step_time": {
      "mean": 1.9203270433333728,
      "std": 0.0034175331221128393,
      "min": 1.9174669310000354,
      "max": 1.9241117440000153
    },
    "peak_memory": {
      "gib": 12.52734375,
      "pct": 15.821581695658407
    }
  }
}