{
  "config": {
    "type": "rl",
    "num_gpus": 4,
    "model_name": "Qwen/Qwen3-0.6B",
    "lora_rank": null,
    "seq_len": 65536,
    "ac": "Recompute",
    "attention": "flash_attention_2",
    "output": "benchmark_result.json",
    "dry_run": false,
    "timeout": 1500,
    "micro_batches": 2,
    "ep": 1,
    "cp": 1,
    "docker_image": null,
    "device_name": "NVIDIA RTX A6000",
    "commit_sha": "83c21ddac",
    "timestamp": "2026-02-26T02:07:06+00:00",
    "success": true,
    "error_reason": null,
    "time_taken": 291.91085167229176
  },
  "metrics": {
    "mfu": {
      "mean": 15.634260517326164,
      "std": 0.009817863071768202,
      "min": 15.622927380137481,
      "max": 15.640172924064188
    },
    "throughput": {
      "mean": 7468.685954343421,
      "std": 4.690118598479809,
      "min": 7463.271969943842,
      "max": 7471.510386564679
    },
    "step_time": {
      "mean": 68.34095695288852,
      "std": 0.16054587555887065,
      "min": 68.16114284005016,
      "max": 68.46991707291454
    },
    "peak_memory": {
      "gib": 23.25390625,
      "pct": 49.05701678145735
    }
  }
}