{
  "config": {
    "type": "rl",
    "num_gpus": 2,
    "model_name": "allenai/OLMo-3-7B-Instruct",
    "lora_rank": 16,
    "seq_len": 16384,
    "ac": "Recompute",
    "attention": "flash_attention_3",
    "output": "/home/ubuntu/prime-rl/benchmarks/scripts/../gpu_scaling_results/benchmark-8xh100-allenai--OLMo-3-7B-Instruct-rl-16-2gpu-Recompute-flash_attention_3-16384-cp1-ep1.json",
    "dry_run": false,
    "timeout": 1500,
    "micro_batches": 2,
    "ep": 1,
    "cp": 1,
    "docker_image": null,
    "device_name": "NVIDIA H100 80GB HBM3",
    "commit_sha": "8dbd955a",
    "timestamp": "2026-02-07T09:06:52.226456+00:00",
    "success": true,
    "error_reason": null,
    "time_taken": 98.01382734900108
  },
  "metrics": {
    "mfu": {
      "mean": 28.983589871686075,
      "std": 0.005198359363616573,
      "min": 28.97762129111523,
      "max": 28.987126406980806
    },
    "throughput": {
      "mean": 10704.46892261244,
      "std": 1.9199028313178161,
      "min": 10702.26455505426,
      "max": 10705.775066272481
    },
    "step_time": {
      "mean": 6.121001777333731,
      "std": 0.001783970678610367,
      "min": 6.119498121999641,
      "max": 6.122972956000012
    },
    "peak_memory": {
      "gib": 27.310546875,
      "pct": 34.479182158139004
    }
  }
}