{
  "config": {
    "type": "rl",
    "num_gpus": 4,
    "model_name": "meta-llama/Llama-3.2-3B-Instruct",
    "lora_rank": 16,
    "seq_len": 16384,
    "ac": "Recompute",
    "attention": "flash_attention_3",
    "output": "/home/ubuntu/prime-rl/benchmarks/scripts/../gpu_scaling_results/benchmark-8xh100-meta-llama--Llama-3.2-3B-Instruct-rl-16-4gpu-Recompute-flash_attention_3-16384-cp1-ep1.json",
    "dry_run": false,
    "timeout": 1500,
    "micro_batches": 2,
    "ep": 1,
    "cp": 1,
    "docker_image": null,
    "device_name": "NVIDIA H100 80GB HBM3",
    "commit_sha": "8dbd955a",
    "timestamp": "2026-02-07T08:52:42.983306+00:00",
    "success": true,
    "error_reason": null,
    "time_taken": 72.10039477800092
  },
  "metrics": {
    "mfu": {
      "mean": 25.378416569029042,
      "std": 0.017938302418464707,
      "min": 25.365590521025034,
      "max": 25.398915119755507
    },
    "throughput": {
      "mean": 33569.0470301767,
      "std": 23.727710351393377,
      "min": 33552.08150328944,
      "max": 33596.16128340504
    },
    "step_time": {
      "mean": 3.9059409556672713,
      "std": 0.004606335228428075,
      "min": 3.900757961000636,
      "max": 3.9095672229996126
    },
    "peak_memory": {
      "gib": 11.580078125,
      "pct": 14.619686119974695
    }
  }
}