{
  "config": {
    "type": "rl",
    "num_gpus": 1,
    "model_name": "Qwen/Qwen3-0.6B",
    "lora_rank": null,
    "seq_len": 16384,
    "ac": "Recompute",
    "attention": "flash_attention_2",
    "output": "/tmp/benchmark_result.json",
    "dry_run": false,
    "timeout": 1500,
    "micro_batches": 2,
    "ep": 1,
    "cp": 1,
    "docker_image": "primeintellect/prime-rl@sha256:d3e9636af265f5ba2e56cd2555534489f5ff64e04a3f645059ca7989508de419",
    "device_name": "NVIDIA RTX A6000",
    "commit_sha": "unknown",
    "timestamp": "2026-01-20T02:13:06.789091+00:00",
    "success": true,
    "error_reason": null,
    "time_taken": 58.620550670999364
  },
  "metrics": {
    "mfu": {
      "mean": 11.172182728499576,
      "std": 0.15690658988168119,
      "min": 11.00688041851569,
      "max": 11.319068124234223
    },
    "throughput": {
      "mean": 3783.4600684326924,
      "std": 53.136422104600896,
      "min": 3727.480435424335,
      "max": 3833.2028127918875
    },
    "step_time": {
      "mean": 7.4103898566657636,
      "std": 0.015291365834956513,
      "min": 7.397626784999375,
      "max": 7.42733803199917
    },
    "peak_memory": {
      "gib": 12.46875,
      "pct": 26.304383935227925
    }
  }
}