{
  "config": {
    "type": "rl",
    "num_gpus": 8,
    "model_name": "Qwen/Qwen3-30B-A3B-Instruct-2507",
    "lora_rank": null,
    "seq_len": 16384,
    "ac": "Recompute",
    "attention": "flash_attention_3",
    "output": "/tmp/benchmark_result.json",
    "dry_run": false,
    "timeout": 1500,
    "micro_batches": 2,
    "ep": 1,
    "cp": 1,
    "docker_image": "primeintellect/prime-rl@sha256:d3e9636af265f5ba2e56cd2555534489f5ff64e04a3f645059ca7989508de419",
    "device_name": "NVIDIA H200",
    "commit_sha": "unknown",
    "timestamp": "2026-01-20T02:44:56.851472+00:00",
    "success": true,
    "error_reason": null,
    "time_taken": 267.61689970399993
  },
  "metrics": {
    "mfu": {
      "mean": 2.599709391231517,
      "std": 0.0045579662256909825,
      "min": 2.5946365965675717,
      "max": 2.60346033450236
    },
    "throughput": {
      "mean": 5473.757849557209,
      "std": 9.596920136551615,
      "min": 5463.076944335796,
      "max": 5481.655561217317
    },
    "step_time": {
      "mean": 7.455852728000006,
      "std": 0.051142095952216284,
      "min": 7.417540077000012,
      "max": 7.51392716700002
    },
    "peak_memory": {
      "gib": 74.587890625,
      "pct": 53.352962261028935
    }
  }
}