{
  "config": {
    "type": "rl",
    "num_gpus": 8,
    "model_name": "Qwen/Qwen3-4B-Instruct-2507",
    "lora_rank": null,
    "seq_len": 16384,
    "ac": "Recompute",
    "attention": "flash_attention_3",
    "output": "/tmp/benchmark_result.json",
    "dry_run": false,
    "timeout": 1500,
    "micro_batches": 2,
    "ep": 1,
    "cp": 1,
    "docker_image": "primeintellect/prime-rl@sha256:d3e9636af265f5ba2e56cd2555534489f5ff64e04a3f645059ca7989508de419",
    "device_name": "NVIDIA H200",
    "commit_sha": "unknown",
    "timestamp": "2026-01-20T03:32:29.543363+00:00",
    "success": true,
    "error_reason": null,
    "time_taken": 76.36930376300006
  },
  "metrics": {
    "mfu": {
      "mean": 13.981987405834479,
      "std": 0.10274506375162977,
      "min": 13.866377648208347,
      "max": 14.062864694178126
    },
    "throughput": {
      "mean": 26181.67187364114,
      "std": 192.39307458244318,
      "min": 25965.189291322728,
      "max": 26333.116912460126
    },
    "step_time": {
      "mean": 4.407920980666859,
      "std": 0.1134931452746658,
      "min": 4.342152740000529,
      "max": 4.5389712759997565
    },
    "peak_memory": {
      "gib": 17.095703125,
      "pct": 12.228612392856222
    }
  }
}