{
  "config": {
    "type": "rl",
    "num_gpus": 8,
    "model_name": "Qwen/Qwen3-4B-Instruct-2507",
    "lora_rank": null,
    "seq_len": 16384,
    "ac": "Recompute",
    "attention": "flash_attention_2",
    "output": "benchmarks/fa4_comparison_results/benchmark-8xb200-Qwen--Qwen3-4B-Instruct-2507-rl-full-8gpu-Recompute-flash_attention_2-16384-cp1-ep1/benchmark_result.json",
    "dry_run": false,
    "timeout": 1500,
    "micro_batches": 2,
    "ep": 1,
    "cp": 1,
    "docker_image": null,
    "device_name": "NVIDIA B200",
    "commit_sha": "bd087277",
    "timestamp": "2026-02-06T20:12:55.350377+00:00",
    "success": true,
    "error_reason": null,
    "time_taken": 77.1885415099996
  },
  "metrics": {
    "mfu": {
      "mean": 9.436945714917204,
      "std": 0.018865202477855416,
      "min": 9.42459178390404,
      "max": 9.458660735511923
    },
    "throughput": {
      "mean": 40201.86051598853,
      "std": 80.36670566216903,
      "min": 40149.23215227648,
      "max": 40294.36758929623
    },
    "step_time": {
      "mean": 4.548868662666791,
      "std": 0.022574251271253475,
      "min": 4.535280007999972,
      "max": 4.574927157999809
    },
    "peak_memory": {
      "gib": 18.099609375,
      "pct": 10.148297152806913
    }
  }
}