{
  "config": {
    "type": "rl",
    "num_gpus": 8,
    "model_name": "Qwen/Qwen3-4B-Instruct-2507",
    "lora_rank": null,
    "seq_len": 16384,
    "ac": "Recompute",
    "attention": "flash_attention_3",
    "output": "/tmp/benchmark_result.json",
    "dry_run": false,
    "timeout": 1500,
    "micro_batches": 2,
    "ep": 1,
    "cp": 1,
    "docker_image": "primeintellect/prime-rl@sha256:d3e9636af265f5ba2e56cd2555534489f5ff64e04a3f645059ca7989508de419",
    "device_name": "NVIDIA H100 80GB HBM3",
    "commit_sha": "unknown",
    "timestamp": "2026-01-20T02:47:18.064571+00:00",
    "success": true,
    "error_reason": null,
    "time_taken": 79.09314156599999
  },
  "metrics": {
    "mfu": {
      "mean": 13.341807464759464,
      "std": 0.11080784921389063,
      "min": 13.216431644845985,
      "max": 13.426610014283135
    },
    "throughput": {
      "mean": 24982.916598670796,
      "std": 207.49087128567982,
      "min": 24748.146785010853,
      "max": 25141.71180147226
    },
    "step_time": {
      "mean": 4.774440029333391,
      "std": 0.1460724538834299,
      "min": 4.689667376999978,
      "max": 4.943109212000081
    },
    "peak_memory": {
      "gib": 17.095703125,
      "pct": 21.591254222341448
    }
  }
}