{
  "config": {
    "type": "sft",
    "num_gpus": 8,
    "model_name": "Qwen/Qwen3-30B-A3B-Instruct-2507",
    "lora_rank": null,
    "seq_len": 16384,
    "ac": "Recompute",
    "attention": "flash_attention_3",
    "output": "/tmp/benchmark_result.json",
    "dry_run": false,
    "timeout": 1500,
    "micro_batches": 2,
    "ep": 1,
    "cp": 1,
    "docker_image": "primeintellect/prime-rl@sha256:d3e9636af265f5ba2e56cd2555534489f5ff64e04a3f645059ca7989508de419",
    "device_name": "NVIDIA H200",
    "commit_sha": "unknown",
    "timestamp": "2026-01-20T03:22:14.783212+00:00",
    "success": true,
    "error_reason": null,
    "time_taken": 104.2779462389999
  },
  "metrics": {
    "mfu": {
      "mean": 16.190105882903335,
      "std": 1.193106253944694,
      "min": 14.86301932846052,
      "max": 17.174013782024176
    },
    "throughput": {
      "mean": 34088.70216825414,
      "std": 2512.117217760194,
      "min": 31294.48583433458,
      "max": 36160.34663906277
    },
    "step_time": {
      "mean": 7.20950977399995,
      "std": 0.993012149287085,
      "min": 6.634442468000088,
      "max": 8.35613965199991
    },
    "peak_memory": {
      "gib": 106.423828125,
      "pct": 76.12531254133928
    }
  }
}