{
  "config": {
    "type": "sft",
    "num_gpus": 1,
    "model_name": "Qwen/Qwen3-0.6B",
    "lora_rank": null,
    "seq_len": 8192,
    "ac": "Recompute",
    "attention": "flash_attention_3",
    "output": "/tmp/benchmark_result.json",
    "dry_run": false,
    "timeout": 1500,
    "micro_batches": 2,
    "ep": 1,
    "cp": 1,
    "docker_image": "primeintellect/prime-rl@sha256:d3e9636af265f5ba2e56cd2555534489f5ff64e04a3f645059ca7989508de419",
    "device_name": "NVIDIA H100 80GB HBM3",
    "commit_sha": "unknown",
    "timestamp": "2026-01-20T02:42:44.329428+00:00",
    "success": true,
    "error_reason": null,
    "time_taken": 18.38003132499989
  },
  "metrics": {
    "mfu": {
      "mean": 17.14583176516963,
      "std": 0.006891343252897064,
      "min": 17.13787631068855,
      "max": 17.14996334243098
    },
    "throughput": {
      "mean": 26518.546229817075,
      "std": 10.65847414930936,
      "min": 26506.24195141723,
      "max": 26524.936320662935
    },
    "step_time": {
      "mean": 0.6116007446667027,
      "std": 0.00467020688607634,
      "min": 0.6086439859998336,
      "max": 0.6169847630001186
    },
    "peak_memory": {
      "gib": 31.7421875,
      "pct": 40.089233819432565
    }
  }
}