{
  "config": {
    "type": "rl",
    "num_gpus": 8,
    "model_name": "Qwen/Qwen3-4B-Instruct-2507",
    "lora_rank": 16,
    "seq_len": 16384,
    "ac": "Recompute",
    "attention": "flash_attention_3",
    "output": "/home/ubuntu/prime-rl/benchmarks/scripts/../gpu_scaling_results/benchmark-8xh100-Qwen--Qwen3-4B-Instruct-2507-rl-16-8gpu-Recompute-flash_attention_3-16384-cp1-ep1.json",
    "dry_run": false,
    "timeout": 1500,
    "micro_batches": 2,
    "ep": 1,
    "cp": 1,
    "docker_image": null,
    "device_name": "NVIDIA H100 80GB HBM3",
    "commit_sha": "8dbd955a",
    "timestamp": "2026-02-07T06:41:57.333612+00:00",
    "success": true,
    "error_reason": null,
    "time_taken": 92.67485128599947
  },
  "metrics": {
    "mfu": {
      "mean": 20.874520535122677,
      "std": 0.011437249457328855,
      "min": 20.86197869674414,
      "max": 20.884374385055644
    },
    "throughput": {
      "mean": 48002.1008090411,
      "std": 26.300580198005672,
      "min": 47973.260166250555,
      "max": 48024.76027549656
    },
    "step_time": {
      "mean": 5.4572164656668365,
      "std": 0.004244874310119045,
      "min": 5.454022728999917,
      "max": 5.462033425999834
    },
    "peak_memory": {
      "gib": 11.068359375,
      "pct": 13.9736483794732
    }
  }
}