{
  "config": {
    "type": "rl",
    "num_gpus": 8,
    "model_name": "Qwen/Qwen3-4B-Instruct-2507",
    "lora_rank": null,
    "seq_len": 65536,
    "ac": "Recompute",
    "attention": "flash_attention_3",
    "output": "/tmp/benchmark_result.json",
    "dry_run": false,
    "timeout": 1500,
    "micro_batches": 2,
    "ep": 1,
    "cp": 1,
    "docker_image": "primeintellect/prime-rl@sha256:d3e9636af265f5ba2e56cd2555534489f5ff64e04a3f645059ca7989508de419",
    "device_name": "NVIDIA H200",
    "commit_sha": "unknown",
    "timestamp": "2026-01-20T02:41:21.663327+00:00",
    "success": true,
    "error_reason": null,
    "time_taken": 195.785019616
  },
  "metrics": {
    "mfu": {
      "mean": 36.459238789919404,
      "std": 0.07527438096004775,
      "min": 36.37407949544156,
      "max": 36.5168900446355
    },
    "throughput": {
      "mean": 29858.389298378137,
      "std": 61.64615185331271,
      "min": 29788.64787065536,
      "max": 29905.60294474009
    },
    "step_time": {
      "mean": 29.629215945000016,
      "std": 0.1477297208504119,
      "min": 29.53535130599994,
      "max": 29.79950199400014
    },
    "peak_memory": {
      "gib": 36.104817708333336,
      "pct": 25.825894263704924
    }
  }
}