{
  "config": {
    "type": "rl",
    "num_gpus": 8,
    "model_name": "meta-llama/Llama-3.2-3B-Instruct",
    "lora_rank": 16,
    "seq_len": 65536,
    "ac": "Recompute",
    "attention": "flash_attention_4",
    "impl": "custom",
    "output": "benchmarks/fa4_comparison_results/benchmark-8xb200-meta-llama--Llama-3.2-3B-Instruct-rl-16-8gpu-Recompute-flash_attention_4-65536-cp1-ep1.json",
    "dry_run": false,
    "timeout": 1500,
    "micro_batches": 2,
    "ep": 1,
    "cp": 1,
    "docker_image": null,
    "device_name": "NVIDIA B200",
    "commit_sha": "30bf494f",
    "timestamp": "2026-02-07T02:30:12.710313+00:00",
    "success": true,
    "error_reason": null,
    "time_taken": 113.88598341300167
  },
  "metrics": {
    "mfu": {
      "mean": 35.2332488671421,
      "std": 0.017098610693464317,
      "min": 35.21616684670768,
      "max": 35.25036401994357
    },
    "throughput": {
      "mean": 78643.77531784035,
      "std": 38.16563447483204,
      "min": 78605.64671431345,
      "max": 78681.97787578567
    },
    "step_time": {
      "mean": 13.332519448002131,
      "std": 0.017143881156537616,
      "min": 13.31971798900122,
      "max": 13.351997052002844
    },
    "peak_memory": {
      "gib": 28.044921875,
      "pct": 15.724549348996922
    }
  }
}