{
  "config": {
    "type": "rl",
    "num_gpus": 4,
    "model_name": "Qwen/Qwen3-0.6B",
    "lora_rank": null,
    "seq_len": 65536,
    "ac": "Recompute",
    "attention": "flash_attention_2",
    "output": "benchmark_result.json",
    "dry_run": false,
    "timeout": 1500,
    "micro_batches": 2,
    "ep": 1,
    "cp": 1,
    "docker_image": null,
    "device_name": "NVIDIA RTX A6000",
    "commit_sha": "c88d08fdf",
    "timestamp": "2026-06-24T22:55:54+00:00",
    "success": true,
    "error_reason": null,
    "time_taken": 291.91085167229176
  },
  "metrics": {
    "mfu": {
      "mean": 17.217465998339005,
      "std": 0.02905058130694137,
      "min": 17.19503698271855,
      "max": 17.250282374540514
    },
    "throughput": {
      "mean": 8225.003435798719,
      "std": 13.877833769765575,
      "min": 8214.288808538377,
      "max": 8240.68023789224
    },
    "step_time": {
      "mean": 63.90305413212627,
      "std": 0.11015530079183487,
      "min": 63.77801387012005,
      "max": 63.985770548693836
    },
    "peak_memory": {
      "gib": 6.298828125,
      "pct": 13.288163877053583
    }
  }
}
