{
  "config": {
    "type": "rl",
    "num_gpus": 8,
    "model_name": "Qwen/Qwen3-30B-A3B-Instruct-2507",
    "lora_rank": 16,
    "seq_len": 65536,
    "ac": "Recompute",
    "attention": "flash_attention_2",
    "output": "benchmarks/fa4_comparison_results/benchmark-8xb200-Qwen--Qwen3-30B-A3B-Instruct-2507-rl-16-8gpu-Recompute-flash_attention_2-65536-cp1-ep1/benchmark_result.json",
    "dry_run": false,
    "timeout": 1500,
    "micro_batches": 2,
    "ep": 1,
    "cp": 1,
    "docker_image": null,
    "device_name": "NVIDIA B200",
    "commit_sha": "bd087277",
    "timestamp": "2026-02-06T20:36:29.904199+00:00",
    "success": true,
    "error_reason": null,
    "time_taken": 298.95180840800003
  },
  "metrics": {
    "mfu": {
      "mean": 10.00912470993744,
      "std": 0.001690276334522835,
      "min": 10.00729986112157,
      "max": 10.010636700177008
    },
    "throughput": {
      "mean": 19057.1168851137,
      "std": 3.2182428142968225,
      "min": 19053.6424197444,
      "max": 19059.99567577319
    },
    "step_time": {
      "mean": 55.032155715666704,
      "std": 0.021275177496498245,
      "min": 55.01402732899987,
      "max": 55.05557798600057
    },
    "peak_memory": {
      "gib": 64.337890625,
      "pct": 36.073708482854485
    }
  }
}