{
  "config": {
    "type": "sft",
    "num_gpus": 1,
    "model_name": "Qwen/Qwen3-0.6B",
    "lora_rank": null,
    "seq_len": 8192,
    "ac": "Recompute",
    "attention": "flash_attention_2",
    "output": "/tmp/benchmark_result.json",
    "dry_run": false,
    "timeout": 1500,
    "micro_batches": 2,
    "ep": 1,
    "cp": 1,
    "docker_image": "primeintellect/prime-rl@sha256:d3e9636af265f5ba2e56cd2555534489f5ff64e04a3f645059ca7989508de419",
    "device_name": "NVIDIA RTX A6000",
    "commit_sha": "unknown",
    "timestamp": "2026-01-20T02:16:00.137695+00:00",
    "success": true,
    "error_reason": null,
    "time_taken": 35.480367834999925
  },
  "metrics": {
    "mfu": {
      "mean": 13.517315615483957,
      "std": 0.09753516576975098,
      "min": 13.446618148822107,
      "max": 13.628588717218118
    },
    "throughput": {
      "mean": 6595.381329929386,
      "std": 47.58944968278414,
      "min": 6560.886555600025,
      "max": 6649.673806229944
    },
    "step_time": {
      "mean": 2.4549201576658866,
      "std": 0.004718161628144625,
      "min": 2.450515740998526,
      "max": 2.4598993939998763
    },
    "peak_memory": {
      "gib": 31.21484375,
      "pct": 65.85160777769623
    }
  }
}