{
  "config": {
    "type": "rl",
    "num_gpus": 8,
    "model_name": "Qwen/Qwen3-30B-A3B-Instruct-2507",
    "lora_rank": null,
    "seq_len": 65536,
    "ac": "Recompute",
    "attention": "flash_attention_3",
    "output": "/tmp/benchmark_result.json",
    "dry_run": false,
    "timeout": 1500,
    "micro_batches": 2,
    "ep": 1,
    "cp": 1,
    "docker_image": "primeintellect/prime-rl@sha256:d3e9636af265f5ba2e56cd2555534489f5ff64e04a3f645059ca7989508de419",
    "device_name": "NVIDIA H200",
    "commit_sha": "unknown",
    "timestamp": "2026-01-20T02:26:40.995615+00:00",
    "success": true,
    "error_reason": null,
    "time_taken": 860.9307280619998
  },
  "metrics": {
    "mfu": {
      "mean": 14.975502149619787,
      "std": 0.07531821328628638,
      "min": 14.888713678333092,
      "max": 15.023759942749924
    },
    "throughput": {
      "mean": 12399.223114344333,
      "std": 62.36100277506522,
      "min": 12327.365115294602,
      "max": 12439.178979466466
    },
    "step_time": {
      "mean": 42.9801896013333,
      "std": 0.9668175865971063,
      "min": 42.413015693000034,
      "max": 44.09652595599982
    },
    "peak_memory": {
      "gib": 105.353515625,
      "pct": 75.35971450737547
    }
  }
}