{
  "config": {
    "type": "rl",
    "num_gpus": 8,
    "model_name": "Qwen/Qwen3-30B-A3B-Instruct-2507",
    "lora_rank": null,
    "seq_len": 16384,
    "ac": "Recompute",
    "attention": "flash_attention_3",
    "output": "/tmp/benchmark_result.json",
    "dry_run": false,
    "timeout": 1500,
    "micro_batches": 2,
    "ep": 1,
    "cp": 1,
    "docker_image": "primeintellect/prime-rl@sha256:d3e9636af265f5ba2e56cd2555534489f5ff64e04a3f645059ca7989508de419",
    "device_name": "NVIDIA H100 80GB HBM3",
    "commit_sha": "unknown",
    "timestamp": "2026-01-20T02:30:48.239365+00:00",
    "success": true,
    "error_reason": null,
    "time_taken": 593.899837098
  },
  "metrics": {
    "mfu": {
      "mean": 2.655155053166542,
      "std": 0.011417545342777297,
      "min": 2.647430050820729,
      "max": 2.6682697754631715
    },
    "throughput": {
      "mean": 5590.500177859131,
      "std": 24.039947947065098,
      "min": 5574.2349782291785,
      "max": 5618.113577402197
    },
    "step_time": {
      "mean": 8.386751335666682,
      "std": 0.11004437449555089,
      "min": 8.28794346199993,
      "max": 8.505347161000145
    },
    "peak_memory": {
      "gib": 74.587890625,
      "pct": 94.20180595190192
    }
  }
}