{
  "config": {
    "type": "rl",
    "num_gpus": 1,
    "model_name": "Qwen/Qwen3-0.6B",
    "lora_rank": null,
    "seq_len": 65536,
    "ac": "Recompute",
    "attention": "flash_attention_2",
    "output": "benchmark_result.json",
    "dry_run": false,
    "timeout": 1500,
    "micro_batches": 2,
    "ep": 1,
    "cp": 1,
    "docker_image": null,
    "device_name": "NVIDIA RTX A6000",
    "commit_sha": "c88d08fdf",
    "timestamp": "2026-06-24T22:50:40+00:00",
    "success": true,
    "error_reason": null,
    "time_taken": 276.12556480802596
  },
  "metrics": {
    "mfu": {
      "mean": 20.802552047875178,
      "std": 0.16199364988631793,
      "min": 20.664358307416567,
      "max": 20.98082222151257
    },
    "throughput": {
      "mean": 2484.411208996455,
      "std": 19.346608946709658,
      "min": 2467.9069802355616,
      "max": 2505.7016937694384
    },
    "step_time": {
      "mean": 52.79691480938345,
      "std": 0.4071756223542672,
      "min": 52.35017399210483,
      "max": 53.14720633160323
    },
    "peak_memory": {
      "gib": 11.728515625,
      "pct": 24.742767157118376
    }
  }
}
