{
  "config": {
    "type": "sft",
    "num_gpus": 8,
    "model_name": "Qwen/Qwen3-4B-Instruct-2507",
    "lora_rank": null,
    "seq_len": 16384,
    "ac": "Recompute",
    "attention": "flash_attention_2",
    "output": "benchmarks/fa4_comparison_results/benchmark-8xb200-Qwen--Qwen3-4B-Instruct-2507-sft-full-8gpu-Recompute-flash_attention_2-16384-cp1-ep1/benchmark_result.json",
    "dry_run": false,
    "timeout": 1500,
    "micro_batches": 2,
    "ep": 1,
    "cp": 1,
    "docker_image": null,
    "device_name": "NVIDIA B200",
    "commit_sha": "bd087277",
    "timestamp": "2026-02-06T20:23:03.531850+00:00",
    "success": true,
    "error_reason": null,
    "time_taken": 43.01598337999985
  },
  "metrics": {
    "mfu": {
      "mean": 15.502286808468936,
      "std": 0.6484375878676393,
      "min": 14.778724725765658,
      "max": 16.03084536543696
    },
    "throughput": {
      "mean": 66040.51679218384,
      "std": 2762.376540915352,
      "min": 62958.106147655664,
      "max": 68292.20266849146
    },
    "step_time": {
      "mean": 3.6758344136666588,
      "std": 0.000726874648752453,
      "min": 3.6750092660004157,
      "max": 3.6763800110002194
    },
    "peak_memory": {
      "gib": 52.521484375,
      "pct": 29.448349922966514
    }
  }
}