{
  "config": {
    "type": "sft",
    "num_gpus": 8,
    "model_name": "Qwen/Qwen3-4B-Instruct-2507",
    "lora_rank": null,
    "seq_len": 16384,
    "ac": "Recompute",
    "attention": "flash_attention_2",
    "output": "/tmp/benchmark_result.json",
    "dry_run": false,
    "timeout": 1500,
    "micro_batches": 2,
    "ep": 1,
    "cp": 1,
    "docker_image": "primeintellect/prime-rl@sha256:d3e9636af265f5ba2e56cd2555534489f5ff64e04a3f645059ca7989508de419",
    "device_name": "NVIDIA H100 80GB HBM3",
    "commit_sha": "unknown",
    "timestamp": "2026-01-20T02:54:17.596766+00:00",
    "success": true,
    "error_reason": null,
    "time_taken": 59.98209371200028
  },
  "metrics": {
    "mfu": {
      "mean": 27.10972076749046,
      "std": 0.6193385445738985,
      "min": 26.416236532741177,
      "max": 27.607757117770934
    },
    "throughput": {
      "mean": 50763.728582983145,
      "std": 1159.7291631063715,
      "min": 49465.159491426646,
      "max": 51696.31591307528
    },
    "step_time": {
      "mean": 5.0587780043332105,
      "std": 0.18306555636907834,
      "min": 4.951143623000007,
      "max": 5.270151939999778
    },
    "peak_memory": {
      "gib": 54.6328125,
      "pct": 68.99926460725865
    }
  }
}