{
  "config": {
    "type": "rl",
    "num_gpus": 1,
    "model_name": "Qwen/Qwen3-0.6B",
    "lora_rank": null,
    "seq_len": 65536,
    "ac": "Recompute",
    "attention": "flash_attention_3",
    "output": "/tmp/benchmark_result.json",
    "dry_run": false,
    "timeout": 1500,
    "micro_batches": 2,
    "ep": 1,
    "cp": 1,
    "docker_image": "primeintellect/prime-rl@sha256:d3e9636af265f5ba2e56cd2555534489f5ff64e04a3f645059ca7989508de419",
    "device_name": "NVIDIA H100 80GB HBM3",
    "commit_sha": "unknown",
    "timestamp": "2026-01-20T02:36:04.754060+00:00",
    "success": true,
    "error_reason": null,
    "time_taken": 66.79600958100013
  },
  "metrics": {
    "mfu": {
      "mean": 27.37552128891083,
      "std": 0.0400842503449361,
      "min": 27.33200474778401,
      "max": 27.410935331586565
    },
    "throughput": {
      "mean": 10363.607535607392,
      "std": 15.17477729646901,
      "min": 10347.133388913126,
      "max": 10377.014302757767
    },
    "step_time": {
      "mean": 11.882162297666659,
      "std": 0.010259147528249872,
      "min": 11.870763420000003,
      "max": 11.890654458999961
    },
    "peak_memory": {
      "gib": 19.560546875,
      "pct": 24.704262657003266
    }
  }
}