{
  "config": {
    "type": "rl",
    "num_gpus": 1,
    "model_name": "Qwen/Qwen3-0.6B",
    "lora_rank": null,
    "seq_len": 65536,
    "ac": "Recompute",
    "attention": "flash_attention_2",
    "output": "/tmp/benchmark_result.json",
    "dry_run": false,
    "timeout": 1500,
    "micro_batches": 2,
    "ep": 1,
    "cp": 1,
    "docker_image": "primeintellect/prime-rl@sha256:d3e9636af265f5ba2e56cd2555534489f5ff64e04a3f645059ca7989508de419",
    "device_name": "NVIDIA RTX A6000",
    "commit_sha": "unknown",
    "timestamp": "2026-01-20T02:04:19.619186+00:00",
    "success": true,
    "error_reason": null,
    "time_taken": 291.30521359999875
  },
  "metrics": {
    "mfu": {
      "mean": 17.580215298053975,
      "std": 0.02714922895069607,
      "min": 17.55826941718432,
      "max": 17.61057546024073
    },
    "throughput": {
      "mean": 2099.573352468428,
      "std": 3.242383365535581,
      "min": 2096.9523955637947,
      "max": 2103.1992117894447
    },
    "step_time": {
      "mean": 61.240510730333575,
      "std": 0.12394122894860256,
      "min": 61.10447979300079,
      "max": 61.347037448000265
    },
    "peak_memory": {
      "gib": 19.501953125,
      "pct": 41.141803507714734
    }
  }
}