{
  "config": {
    "type": "sft",
    "num_gpus": 1,
    "model_name": "Qwen/Qwen3-0.6B",
    "lora_rank": null,
    "seq_len": 16384,
    "ac": "Recompute",
    "attention": "flash_attention_3",
    "output": "/tmp/benchmark_result.json",
    "dry_run": false,
    "timeout": 1500,
    "micro_batches": 2,
    "ep": 1,
    "cp": 1,
    "docker_image": "primeintellect/prime-rl@sha256:d3e9636af265f5ba2e56cd2555534489f5ff64e04a3f645059ca7989508de419",
    "device_name": "NVIDIA H100 80GB HBM3",
    "commit_sha": "unknown",
    "timestamp": "2026-01-20T02:43:15.111802+00:00",
    "success": true,
    "error_reason": null,
    "time_taken": 21.35232623900015
  },
  "metrics": {
    "mfu": {
      "mean": 23.853749107976615,
      "std": 0.04482784309489256,
      "min": 23.817890668593776,
      "max": 23.90400733569969
    },
    "throughput": {
      "mean": 25606.455641096894,
      "std": 48.1216671852885,
      "min": 25567.962424233614,
      "max": 25660.40670233115
    },
    "step_time": {
      "mean": 1.275535140333356,
      "std": 0.0002871293227299739,
      "min": 1.2753475639999579,
      "max": 1.2758656870000777
    },
    "peak_memory": {
      "gib": 52.83984375,
      "pct": 66.7348099772907
    }
  }
}