{
  "config": {
    "type": "rl",
    "num_gpus": 8,
    "model_name": "Qwen/Qwen3-4B-Instruct-2507",
    "lora_rank": 16,
    "seq_len": 65536,
    "ac": "Recompute",
    "attention": "flash_attention_2",
    "output": "benchmarks/fa4_comparison_results/benchmark-8xb200-Qwen--Qwen3-4B-Instruct-2507-rl-16-8gpu-Recompute-flash_attention_2-65536-cp1-ep1/benchmark_result.json",
    "dry_run": false,
    "timeout": 1500,
    "micro_batches": 2,
    "ep": 1,
    "cp": 1,
    "docker_image": null,
    "device_name": "NVIDIA B200",
    "commit_sha": "bd087277",
    "timestamp": "2026-02-06T20:19:08.615075+00:00",
    "success": true,
    "error_reason": null,
    "time_taken": 226.88302387399926
  },
  "metrics": {
    "mfu": {
      "mean": 12.77083708415158,
      "std": 0.0013283850725893515,
      "min": 12.769944595401295,
      "max": 12.772363701043053
    },
    "throughput": {
      "mean": 25897.085194627376,
      "std": 2.6937389592706285,
      "min": 25895.275379260605,
      "max": 25900.180913994667
    },
    "step_time": {
      "mean": 40.49232029866653,
      "std": 0.0070406002411538176,
      "min": 40.484626874999776,
      "max": 40.49844263700015
    },
    "peak_memory": {
      "gib": 31.6875,
      "pct": 17.766911946383875
    }
  }
}