{
  "config": {
    "type": "rl",
    "num_gpus": 8,
    "model_name": "Qwen/Qwen3-4B-Instruct-2507",
    "lora_rank": 16,
    "seq_len": 65536,
    "ac": "Recompute",
    "attention": "flash_attention_3",
    "output": "/home/ubuntu/prime-rl/benchmarks/scripts/../gpu_scaling_results/benchmark-8xh100-Qwen--Qwen3-4B-Instruct-2507-rl-16-8gpu-Recompute-flash_attention_3-65536-cp1-ep1.json",
    "dry_run": false,
    "timeout": 1500,
    "micro_batches": 2,
    "ep": 1,
    "cp": 1,
    "docker_image": null,
    "device_name": "NVIDIA H100 80GB HBM3",
    "commit_sha": "8dbd955a",
    "timestamp": "2026-02-07T06:53:32.277107+00:00",
    "success": true,
    "error_reason": null,
    "time_taken": 201.07550166500005
  },
  "metrics": {
    "mfu": {
      "mean": 36.05568138231864,
      "std": 0.02169688269106633,
      "min": 36.0392072150825,
      "max": 36.080264905271214
    },
    "throughput": {
      "mean": 32138.011483006514,
      "std": 19.339383928906432,
      "min": 32123.327334614085,
      "max": 32159.923856109803
    },
    "step_time": {
      "mean": 32.640358880333224,
      "std": 0.034271315545721416,
      "min": 32.60097966499961,
      "max": 32.663436867998826
    },
    "peak_memory": {
      "gib": 31.6875,
      "pct": 40.00502405303921
    }
  }
}