{
  "config": {
    "type": "rl",
    "num_gpus": 8,
    "model_name": "Qwen/Qwen3-4B-Instruct-2507",
    "lora_rank": 16,
    "seq_len": 16384,
    "ac": "Recompute",
    "attention": "flash_attention_2",
    "output": "benchmarks/fa4_comparison_results/benchmark-8xb200-Qwen--Qwen3-4B-Instruct-2507-rl-16-8gpu-Recompute-flash_attention_2-16384-cp1-ep1/benchmark_result.json",
    "dry_run": false,
    "timeout": 1500,
    "micro_batches": 2,
    "ep": 1,
    "cp": 1,
    "docker_image": null,
    "device_name": "NVIDIA B200",
    "commit_sha": "bd087277",
    "timestamp": "2026-02-06T20:17:36.572818+00:00",
    "success": true,
    "error_reason": null,
    "time_taken": 84.25718453799982
  },
  "metrics": {
    "mfu": {
      "mean": 9.789609298367118,
      "std": 0.002130234713217652,
      "min": 9.787355245158038,
      "max": 9.79158916319276
    },
    "throughput": {
      "mean": 51214.781205196625,
      "std": 11.144418681895658,
      "min": 51202.98902448649,
      "max": 51225.13895705073
    },
    "step_time": {
      "mean": 5.11819438266654,
      "std": 0.004382178368867937,
      "min": 5.115601149000213,
      "max": 5.123253955999644
    },
    "peak_memory": {
      "gib": 11.068359375,
      "pct": 6.205935034526468
    }
  }
}