{
  "config": {
    "type": "rl",
    "num_gpus": 8,
    "model_name": "Qwen/Qwen3-4B-Instruct-2507",
    "lora_rank": null,
    "seq_len": 65536,
    "ac": "Recompute",
    "attention": "flash_attention_3",
    "output": "/tmp/benchmark_result.json",
    "dry_run": false,
    "timeout": 1500,
    "micro_batches": 2,
    "ep": 1,
    "cp": 1,
    "docker_image": "primeintellect/prime-rl@sha256:d3e9636af265f5ba2e56cd2555534489f5ff64e04a3f645059ca7989508de419",
    "device_name": "NVIDIA H100 80GB HBM3",
    "commit_sha": "unknown",
    "timestamp": "2026-01-20T02:43:54.281135+00:00",
    "success": true,
    "error_reason": null,
    "time_taken": 183.8029738749999
  },
  "metrics": {
    "mfu": {
      "mean": 35.255449042767985,
      "std": 0.08910048663626541,
      "min": 35.152987690835886,
      "max": 35.314751288532065
    },
    "throughput": {
      "mean": 28872.54252546687,
      "std": 72.9690773850201,
      "min": 28788.631532380736,
      "max": 28921.108255280782
    },
    "step_time": {
      "mean": 30.595609496333356,
      "std": 0.12159276249348383,
      "min": 30.502967293999973,
      "max": 30.733297257999993
    },
    "peak_memory": {
      "gib": 36.104817708333336,
      "pct": 45.59907785553104
    }
  }
}