{
  "config": {
    "type": "rl",
    "num_gpus": 1,
    "model_name": "Qwen/Qwen3-0.6B",
    "lora_rank": null,
    "seq_len": 65536,
    "ac": "Offload",
    "attention": "flash_attention_3",
    "output": "/tmp/benchmark_result.json",
    "dry_run": false,
    "timeout": 1500,
    "micro_batches": 2,
    "ep": 1,
    "cp": 1,
    "docker_image": "primeintellect/prime-rl@sha256:d3e9636af265f5ba2e56cd2555534489f5ff64e04a3f645059ca7989508de419",
    "device_name": "NVIDIA H100 80GB HBM3",
    "commit_sha": "unknown",
    "timestamp": "2026-01-20T02:39:53.024833+00:00",
    "success": true,
    "error_reason": null,
    "time_taken": 67.72095970400005
  },
  "metrics": {
    "mfu": {
      "mean": 26.915412393599535,
      "std": 0.1322996735975494,
      "min": 26.768521990028276,
      "max": 27.025197802291874
    },
    "throughput": {
      "mean": 10189.423162483521,
      "std": 50.08496020162981,
      "min": 10133.81455955342,
      "max": 10230.984851001376
    },
    "step_time": {
      "mean": 12.160259226333286,
      "std": 0.014132153386136609,
      "min": 12.144452765999858,
      "max": 12.171674524000082
    },
    "peak_memory": {
      "gib": 16.083984375,
      "pct": 20.31349006294777
    }
  }
}